participant_id,structure_condition,load_condition,method,statistic,N,mean,sd,p.value,p.approx,is.unique.max,alternative,z_score,time
1,unstructured,load,pearson,-0.045060591,36,-0.001667242,0.167249517,0.569430569,0.602357038,FALSE,greater,-0.259452762,output
2,unstructured,no load,pearson,0.399680383,36,-0.003037571,0.1632679,0.004995005,0.006819974,FALSE,greater,2.466608281,output
3,unstructured,load,pearson,0.23122144,36,0.007052541,0.17274331,0.112887113,0.097195315,FALSE,greater,1.29769946,output
4,structured,no load,pearson,0.539427815,36,-0.009212859,0.186709702,0.008991009,0.001649188,FALSE,greater,2.938469021,output
5,structured,no load,pearson,0.63652395,36,-0.000871033,0.195348046,0.003996004,0.000551453,FALSE,greater,3.262868488,output
6,partial,load,pearson,0.500065049,36,-0.000322623,0.168979528,0.002997003,0.001532053,FALSE,greater,2.961232503,output
7,unstructured,no load,pearson,0.519926426,36,-0.012310516,0.188379274,0.004995005,0.002361467,FALSE,greater,2.825347663,output
8,structured,load,pearson,0.904534034,36,0.002077078,0.204025826,0.000999001,4.86139E-06,TRUE,greater,4.423248621,output
9,structured,load,pearson,0.816496581,36,0.00244949,0.175954953,0.000999001,1.85992E-06,TRUE,greater,4.62645171,output
10,structured,load,pearson,0.92807245,36,0.003741292,0.1861596,0.000999001,3.43042E-07,TRUE,greater,4.965261829,output
11,unstructured,load,pearson,-0.180613942,36,0.008311927,0.171516508,0.859140859,0.864661001,FALSE,greater,-1.101502544,output
12,structured,load,pearson,0.332523735,36,-0.015621615,0.187938566,0.055944056,0.031981168,FALSE,greater,1.8524423,output
13,unstructured,no load,pearson,0.471671984,36,-0.004245048,0.169265507,0.006993007,0.00246433,FALSE,greater,2.811659857,output
14,structured,no load,pearson,0.83335958,36,-0.007341501,0.192645655,0.000999001,6.38597E-06,TRUE,greater,4.363976331,output
15,unstructured,no load,pearson,0.555423188,36,-0.002426909,0.191675249,0.004995005,0.001804879,FALSE,greater,2.910391923,output
16,structured,no load,pearson,0.83854816,36,-0.006938575,0.190692045,0.000999001,4.62974E-06,TRUE,greater,4.433780829,output
17,partial,load,pearson,0.363421892,36,-0.002076697,0.154587815,0.008991009,0.009031045,FALSE,greater,2.364342813,output
18,unstructured,load,pearson,0.1731901,36,0.005908839,0.126715035,0.247752248,0.093394569,FALSE,greater,1.320137428,output
19,partial,load,pearson,0.520435259,36,-0.001469464,0.195273058,0.006993007,0.003762266,FALSE,greater,2.672691906,output
20,unstructured,load,pearson,0.340502612,36,-0.008938194,0.181314323,0.027972028,0.026973287,FALSE,greater,1.927265315,output
21,structured,no load,pearson,0.423414066,36,-0.001430848,0.163903315,0.005994006,0.004770352,FALSE,greater,2.59204588,output
22,partial,no load,pearson,0.542680954,36,-0.010672725,0.162925863,0.000999001,0.000341452,TRUE,greater,3.396352613,output
23,partial,load,pearson,0.376345459,36,0.001839911,0.186083122,0.024975025,0.022079876,FALSE,greater,2.012571279,output
24,unstructured,load,pearson,-0.144004608,36,0.01468847,0.170581092,0.75024975,0.823894369,FALSE,greater,-0.930308725,output
25,unstructured,load,pearson,0.546663571,36,-0.006559963,0.186449064,0.002997003,0.00150284,FALSE,greater,2.967156407,output
26,partial,load,pearson,2.19275E-18,36,-0.002686071,0.182187851,0.493506494,0.494118441,FALSE,greater,0.014743416,output
27,structured,no load,pearson,0.754731908,36,0.001140484,0.175128973,0.000999001,8.42255E-06,TRUE,greater,4.303065408,output
28,unstructured,no load,pearson,0.419079038,36,-0.001227303,0.171907648,0.002997003,0.007243525,FALSE,greater,2.444954284,output
29,partial,load,pearson,0.646846227,36,-0.0016818,0.182156472,0.001998002,0.00018523,FALSE,greater,3.560279917,output
30,unstructured,load,pearson,0.631602131,36,-0.003760236,0.186611106,0.001998002,0.000331135,FALSE,greater,3.404740375,output
31,partial,load,pearson,-0.167038276,36,0.008986659,0.173802358,0.808191808,0.844419273,FALSE,greater,-1.012787958,output
32,structured,load,pearson,0.909068682,36,-0.005559305,0.187410776,0.000999001,5.2952E-07,TRUE,greater,4.8803383,output
33,partial,no load,pearson,0.626219807,36,0.000710844,0.172266335,0.000999001,0.000141131,TRUE,greater,3.631057479,output
34,partial,no load,pearson,0.248451997,36,-0.002086997,0.181649504,0.211788212,0.083909763,FALSE,greater,1.379244034,output
35,partial,no load,pearson,0.822885023,36,0.015075254,0.204496673,0.003996004,3.90374E-05,FALSE,greater,3.950234287,output
36,partial,load,pearson,0.525923706,36,0.001860961,0.187919935,0.008991009,0.00264555,FALSE,greater,2.788755461,output
37,structured,no load,pearson,0.55215763,36,0.003165704,0.185979171,0.001998002,0.001579126,FALSE,greater,2.951900056,output
38,partial,no load,pearson,0.587746788,36,-0.000723381,0.194960966,0.000999001,0.001270566,TRUE,greater,3.018399948,output
39,unstructured,no load,pearson,0.499662128,36,0.007871525,0.187280064,0.006993007,0.004320205,FALSE,greater,2.625963452,output
40,structured,load,pearson,0.904534034,36,-0.004489169,0.186590488,0.000999001,5.53056E-07,TRUE,greater,4.871755323,output
41,partial,load,pearson,0.703554547,36,0.001156956,0.190330106,0.000999001,0.000111943,TRUE,greater,3.690417682,output
42,structured,no load,pearson,0.272374035,36,0.007081725,0.159312594,0.050949051,0.047933314,FALSE,greater,1.665231254,output
43,partial,no load,pearson,0.372793074,36,-0.004722046,0.151714853,0.004995005,0.006417408,FALSE,greater,2.488320105,output
44,structured,load,pearson,0.343807082,36,0.006051005,0.13726889,0.005994006,0.006936337,FALSE,greater,2.460543516,output
45,unstructured,load,pearson,0.377590065,36,0.002926323,0.172231456,0.02997003,0.01480194,FALSE,greater,2.175350254,output
46,structured,no load,pearson,0.83854816,36,-0.001150948,0.201922309,0.001998002,1.60154E-05,FALSE,greater,4.158525677,output
48,structured,load,pearson,0.092362361,36,-0.00326347,0.167054795,0.315684316,0.283518075,FALSE,greater,0.572421947,output
49,partial,no load,pearson,0.304892269,36,-0.012312957,0.186205243,0.038961039,0.044234962,FALSE,greater,1.703524679,output
50,partial,no load,pearson,0.379304777,36,-0.011603917,0.16570406,0.004995005,0.009160219,FALSE,greater,2.359077338,output
51,partial,load,pearson,0.165324769,36,0.005651101,0.181410977,0.264735265,0.189381868,FALSE,greater,0.880176437,output
52,structured,no load,pearson,0.461934885,36,0.003375678,0.16275312,0.004995005,0.00241985,FALSE,greater,2.817514073,output
53,structured,no load,pearson,0.835079012,36,-0.006339784,0.190145013,0.000999001,4.81893E-06,TRUE,greater,4.425142602,output
54,partial,load,pearson,0.277481887,36,-0.001603229,0.182953454,0.082917083,0.063574286,FALSE,greater,1.525443276,output
55,partial,load,pearson,-0.104361435,36,0.003011573,0.152027988,0.737262737,0.759990288,FALSE,greater,-0.706271321,output
56,partial,load,pearson,0.027586863,36,0.009986444,0.194013165,0.422577423,0.463858473,FALSE,greater,0.090717651,output
57,partial,no load,pearson,0.548739685,36,0.009206632,0.181290705,0.003996004,0.001459861,FALSE,greater,2.976065713,output
58,structured,no load,pearson,0.522232968,36,0.004409967,0.186917225,0.004995005,0.002799948,FALSE,greater,2.770333229,output
59,unstructured,load,pearson,6.98213E-18,36,-0.010928782,0.181960889,0.471528472,0.476053462,FALSE,greater,0.060061161,output
60,partial,load,pearson,0.215365246,36,-0.00235466,0.182733932,0.131868132,0.116736809,FALSE,greater,1.191458555,output
61,unstructured,load,pearson,0.087133628,36,0.002331413,0.16422389,0.305694306,0.302793916,FALSE,greater,0.516381717,output
62,partial,no load,pearson,0.643175881,36,-0.003508232,0.187157282,0.000999001,0.000274843,TRUE,greater,3.455297622,output
63,structured,load,pearson,0.754731908,36,-0.003253733,0.173610225,0.000999001,6.32656E-06,TRUE,greater,4.366019585,output
64,unstructured,no load,pearson,0.514739997,36,-0.001062689,0.194206622,0.002997003,0.003954291,FALSE,greater,2.655947989,output
65,unstructured,no load,pearson,0.472455591,36,0.002992219,0.185288764,0.005994006,0.005643506,FALSE,greater,2.533685053,output
66,structured,load,pearson,0.137940147,36,0.012322653,0.188781746,0.423576424,0.252893752,FALSE,greater,0.66541123,output
68,partial,load,pearson,-0.135475672,36,-0.003202152,0.164126788,0.787212787,0.789856316,FALSE,greater,-0.805922792,output
69,structured,no load,pearson,0.178938684,36,0.000325343,0.190135268,0.184815185,0.173762341,FALSE,greater,0.939401423,output
70,unstructured,no load,pearson,0.656609617,36,-0.00246629,0.19534797,0.003996004,0.000370616,FALSE,greater,3.373855935,output
72,structured,no load,pearson,0.816496581,36,0.003878359,0.185681904,0.000999001,6.03278E-06,TRUE,greater,4.376399666,output
73,structured,no load,pearson,0.200643088,36,0.00405299,0.185201718,0.18981019,0.144233238,FALSE,greater,1.061491761,output
75,unstructured,no load,pearson,0.574704893,36,-0.002670687,0.177578478,0.000999001,0.000574226,TRUE,greater,3.251382641,output
76,unstructured,no load,pearson,0.554700196,36,-0.005423735,0.187115587,0.000999001,0.001379146,TRUE,greater,2.993464839,output
77,unstructured,no load,pearson,0.542456402,36,-0.006850449,0.184440552,0.002997003,0.00144958,FALSE,greater,2.97823253,output
78,partial,load,pearson,0.353553391,36,0.002146574,0.191768486,0.010989011,0.033441948,FALSE,greater,1.832453416,output
79,unstructured,load,pearson,0.101245096,36,0.00310485,0.160402846,0.304695305,0.270323112,FALSE,greater,0.611836067,output
80,partial,no load,pearson,0.544331054,36,-0.011884561,0.180712053,0.006993007,0.001042286,FALSE,greater,3.077910995,output
81,partial,load,pearson,0.032495634,36,0.002567155,0.198404505,0.467532468,0.440048693,FALSE,greater,0.150845762,output
82,unstructured,no load,pearson,0.554042114,36,-0.000966022,0.190460231,0.00999001,0.001783939,FALSE,greater,2.914036868,output
83,partial,load,pearson,-0.257913271,36,-0.002524835,0.182593533,0.915084915,0.919044296,FALSE,greater,-1.398671856,output
84,partial,no load,pearson,0.469208435,36,0.007444774,0.171002687,0.003996004,0.003463538,FALSE,greater,2.700329855,output
85,unstructured,no load,pearson,0.334944946,36,0.005439506,0.176640191,0.044955045,0.031062351,FALSE,greater,1.865404686,output
86,partial,no load,pearson,0.590560843,36,-0.009941108,0.182932338,0.000999001,0.00051419,TRUE,greater,3.282645141,output
87,unstructured,no load,pearson,0.522139353,36,-0.002570532,0.19322242,0.004995005,0.003308044,FALSE,greater,2.71557454,output
88,structured,load,pearson,0.10849128,36,-0.00908227,0.181896449,0.285714286,0.259017848,FALSE,greater,0.646376282,output
89,structured,no load,pearson,0.904534034,36,-0.016281613,0.187520699,0.000999001,4.54281E-07,TRUE,greater,4.910474694,output
90,partial,no load,pearson,0.797090502,36,0.001756853,0.192789301,0.000999001,1.85043E-05,TRUE,greater,4.125403468,output
91,structured,load,pearson,-0.15600943,36,-0.003628664,0.162870237,0.81018981,0.82525942,FALSE,greater,-0.935596146,output
92,structured,load,pearson,0.346988959,36,-0.002602417,0.186513302,0.027972028,0.030441038,FALSE,greater,1.874350901,output
93,unstructured,load,pearson,0.47382821,36,0.011574946,0.185749949,0.007992008,0.006412752,FALSE,greater,2.488578143,output
94,structured,load,pearson,-0.010795052,36,-0.00525719,0.155311805,0.5004995,0.514221836,FALSE,greater,-0.03565641,output
95,partial,load,pearson,0.617783117,36,0.003239187,0.195199596,0.002997003,0.000821158,FALSE,greater,3.148284843,output
96,structured,load,pearson,-0.066372331,36,-0.004911553,0.066223474,1,0.823317342,FALSE,greater,-0.92808146,output
97,unstructured,load,pearson,0.559454239,36,-0.002545517,0.182795674,0.004995005,0.001054386,FALSE,greater,3.074469666,output
98,unstructured,no load,pearson,0.045459764,36,0.00521272,0.177241573,0.462537463,0.4101829,FALSE,greater,0.227074515,output
99,partial,load,pearson,0.352825165,36,-0.006639528,0.190843785,0.024975025,0.029812623,FALSE,greater,1.883554616,output
100,unstructured,no load,pearson,0.357676828,36,-0.005049555,0.189273356,0.033966034,0.027656118,FALSE,greater,1.916415446,output
101,structured,load,pearson,0.904534034,36,0.000402015,0.195923833,0.000999001,1.96821E-06,TRUE,greater,4.61471178,output
102,unstructured,no load,pearson,0.429470692,36,0.003292609,0.17344155,0.004995005,0.007001516,FALSE,greater,2.457185622,output
103,partial,no load,pearson,0.45182292,36,-0.001703332,0.179303904,0.002997003,0.005713344,FALSE,greater,2.52937188,output
104,unstructured,no load,pearson,-0.023118684,36,-0.001687664,0.14434773,0.54045954,0.559013284,FALSE,greater,-0.148468008,output
105,partial,load,pearson,-0.200163465,36,0.003974675,0.179813709,0.888111888,0.871870096,FALSE,greater,-1.135275732,output
106,unstructured,no load,pearson,0.573775311,36,0.007114814,0.186164679,0.002997003,0.001167792,FALSE,greater,3.043866857,output
107,unstructured,load,pearson,0.57345391,36,-0.000278978,0.191759591,0.005994006,0.001386061,FALSE,greater,2.991938421,output
108,unstructured,load,pearson,0.037529331,36,0.004728696,0.133230324,0.417582418,0.402765655,FALSE,greater,0.246194969,output
109,unstructured,load,pearson,0.556595542,36,0.008664839,0.188961029,0.003996004,0.001867587,FALSE,greater,2.899702148,output
110,structured,load,pearson,-0.182831686,36,-0.003973542,0.171755549,0.809190809,0.85114411,FALSE,greater,-1.041352929,output
111,structured,no load,pearson,0.816496581,36,-0.009389711,0.179271906,0.000999001,2.04366E-06,TRUE,greater,4.606891906,output
113,structured,load,pearson,0.19645174,36,0.002266751,0.182356701,0.186813187,0.14346886,FALSE,greater,1.064863468,output
114,structured,no load,pearson,0.160633291,36,0.009179045,0.163329398,0.274725275,0.176887152,FALSE,greater,0.927293237,output
115,unstructured,no load,pearson,0.597094414,36,-0.001543708,0.195365565,0.002997003,0.001091284,FALSE,greater,3.064194658,output
116,partial,no load,pearson,0.774889689,36,-0.001785615,0.180851203,0.000999001,8.75223E-06,TRUE,greater,4.294554248,output
117,partial,no load,pearson,0.53661681,36,-0.005613275,0.157295978,0.000999001,0.000283219,TRUE,greater,3.447196117,output
118,partial,no load,pearson,0.379762174,36,-0.007905958,0.183382254,0.011988012,0.017258088,FALSE,greater,2.113989353,output
119,unstructured,no load,pearson,0.26400318,36,-0.003337927,0.179908805,0.084915085,0.068642044,FALSE,greater,1.485981224,output
120,structured,no load,pearson,0.904534034,36,-0.001206045,0.196584578,0.000999001,2.03886E-06,TRUE,greater,4.607381155,output
121,structured,load,pearson,0.754731908,36,-0.006641641,0.171955167,0.000999001,4.76118E-06,TRUE,greater,4.427744516,output
122,partial,no load,pearson,0.302176689,36,0.000960142,0.17166529,0.034965035,0.03965758,FALSE,greater,1.754673565,output
124,partial,no load,pearson,-0.082628223,36,0.003618246,0.163742255,0.728271728,0.700806293,FALSE,greater,-0.526720907,output
125,unstructured,no load,pearson,0.528270544,36,-0.000322832,0.185798456,0.001998002,0.002220692,FALSE,greater,2.844982606,output
126,partial,no load,pearson,0.667438375,36,-0.002990124,0.168485102,0.000999001,3.45802E-05,TRUE,greater,3.979155958,output
127,structured,no load,pearson,0.105555963,36,0.003166679,0.160597415,0.32967033,0.261882511,FALSE,greater,0.637552503,output
128,partial,load,pearson,-0.121486686,36,-0.004635932,0.177021327,0.724275724,0.745403314,FALSE,greater,-0.660094214,output
129,unstructured,load,pearson,0.238735876,36,0.001410712,0.183093665,0.143856144,0.097454089,FALSE,greater,1.29619539,output
130,unstructured,no load,pearson,0.365012126,36,0.007767458,0.175199107,0.012987013,0.020721115,FALSE,greater,2.039078131,output
131,unstructured,load,pearson,0.388514345,36,-0.00501831,0.184377832,0.037962038,0.016405778,FALSE,greater,2.134381618,output
132,unstructured,no load,pearson,0.083859101,36,-0.005132177,0.170876919,0.275724276,0.30125595,FALSE,greater,0.52079168,output
133,structured,no load,pearson,0.83854816,36,-0.002203244,0.196049257,0.000999001,8.99539E-06,TRUE,greater,4.288470238,output
134,structured,no load,pearson,0.816496581,36,0.004014442,0.184778319,0.001998002,5.48624E-06,FALSE,greater,4.397064236,output
135,structured,load,pearson,0.609425284,36,0.005067852,0.196378007,0.003996004,0.001043651,FALSE,greater,3.07752096,output
136,structured,no load,pearson,0.83854816,36,0.000460379,0.189451464,0.000999001,4.84989E-06,TRUE,greater,4.423759852,output
137,structured,load,pearson,-0.010559833,36,0.002614615,0.163353451,0.528471528,0.532139829,FALSE,greater,-0.080649949,output
138,partial,no load,pearson,0.493301133,36,-0.000801614,0.182688088,0.008991009,0.003419078,FALSE,greater,2.704624868,output
139,partial,no load,pearson,0.609088209,36,0.001361491,0.185388359,0.000999001,0.000522491,TRUE,greater,3.278127709,output
141,structured,load,pearson,0.555555556,36,0.000666667,0.19228833,0.011988012,0.001952642,FALSE,greater,2.885712763,output
142,partial,load,pearson,0.429063935,36,9.90148E-05,0.158217092,0.000999001,0.003351578,TRUE,greater,2.711242609,output
143,structured,no load,pearson,0.153345437,36,0.004926222,0.161469202,0.224775225,0.17900079,FALSE,greater,0.919179714,output
144,partial,no load,pearson,0.325276122,36,-0.007020543,0.18372795,0.063936064,0.035253921,FALSE,greater,1.808634263,output
145,unstructured,load,pearson,0.037514657,36,-0.006727628,0.181171783,0.444555445,0.403537673,FALSE,greater,0.244200751,output
146,structured,no load,pearson,0.754731908,36,0.006507466,0.182256171,0.000999001,2.01856E-05,TRUE,greater,4.105344901,output
147,structured,load,pearson,0.674119284,36,0.000276562,0.180876303,0.001998002,9.74897E-05,FALSE,greater,3.725433962,output
148,structured,no load,pearson,0.904534034,36,0.002479093,0.197120532,0.000999001,2.36795E-06,TRUE,greater,4.576159225,output
149,partial,no load,pearson,0.102838676,36,0.007198707,0.140113294,0.250749251,0.247432899,FALSE,greater,0.682590249,output
150,partial,load,pearson,-0.058696727,36,-2.93484E-05,0.138912357,0.649350649,0.663609292,FALSE,greater,-0.422333765,output
152,unstructured,no load,pearson,0.525267314,36,-0.001082369,0.186330705,0.001998002,0.0023654,FALSE,greater,2.824814532,output
153,unstructured,no load,pearson,0.280827978,36,-0.004268585,0.185049052,0.085914086,0.061700508,FALSE,greater,1.540654006,output
154,unstructured,load,pearson,0.393349213,36,0.004138718,0.191068679,0.028971029,0.020824078,FALSE,greater,2.037018818,output
155,partial,load,pearson,-0.148543978,36,0.006743897,0.18411276,0.793206793,0.800508505,FALSE,greater,-0.843438959,output
156,structured,load,pearson,0.773791056,36,-0.010413938,0.199508132,0.000999001,4.23509E-05,TRUE,greater,3.930691877,output
157,partial,load,pearson,0.249487953,36,-0.005811602,0.190931857,0.098901099,0.090591094,FALSE,greater,1.337123928,output
158,unstructured,load,pearson,0.465802571,36,0.001397408,0.183078077,0.00999001,0.005595925,FALSE,greater,2.536650871,output
159,unstructured,load,pearson,0.024455584,36,0.008983351,0.176562849,0.468531469,0.465085311,FALSE,greater,0.08763017,output
160,structured,load,pearson,0.904534034,36,0.002613098,0.191967633,0.000999001,1.3117E-06,TRUE,greater,4.698296903,output
1,unstructured,load,pearson,0.595580544,36,-0.000493896,0.196116072,0.001998002,0.001185264,FALSE,greater,3.039396184,input
2,unstructured,no load,pearson,0.530124757,36,-0.000321288,0.179574089,0.003996004,0.001568868,FALSE,greater,2.953911942,input
3,unstructured,load,pearson,0.635448928,36,0.004928604,0.186544583,0.000999001,0.000362432,TRUE,greater,3.379998032,input
4,structured,no load,pearson,0.904534034,36,-0.001407053,0.18860326,0.001998002,7.79883E-07,FALSE,greater,4.803422209,input
5,structured,no load,pearson,0.904534034,36,-1.13248E-19,0.196473952,0.000999001,2.07389E-06,TRUE,greater,4.603836913,input
6,partial,load,pearson,0.614367094,36,-0.010161964,0.179659426,0.001998002,0.000254302,FALSE,greater,3.476183082,input
7,unstructured,no load,pearson,0.550995753,36,-0.002203983,0.191163632,0.004995005,0.001902722,FALSE,greater,2.893854492,input
8,structured,load,pearson,0.904534034,36,0.000603023,0.188893249,0.000999001,8.53207E-07,TRUE,greater,4.785406668,input
9,structured,load,pearson,0.816496581,36,0.001632993,0.183417792,0.000999001,4.4426E-06,TRUE,greater,4.442663809,input
10,structured,load,pearson,0.904534034,36,0.007035265,0.198849472,0.000999001,3.18895E-06,TRUE,greater,4.513458153,input
11,unstructured,load,pearson,0.57345391,36,-0.006819452,0.189944551,0.002997003,0.001125446,FALSE,greater,3.054961871,input
12,structured,load,pearson,0.83854816,36,-0.001644212,0.187642162,0.000999001,3.77379E-06,TRUE,greater,4.477631053,input
13,unstructured,no load,pearson,0.474772301,36,-0.010281276,0.183251337,0.006993007,0.004061301,FALSE,greater,2.64693063,input
14,structured,no load,pearson,0.83854816,36,0.010194115,0.191254381,0.001998002,7.41617E-06,FALSE,greater,4.331163774,input
15,unstructured,no load,pearson,0.578268338,36,-0.00456973,0.191395977,0.006993007,0.001162648,FALSE,greater,3.045194982,input
16,structured,no load,pearson,0.83854816,36,-0.007694913,0.193899978,0.000999001,6.37571E-06,TRUE,greater,4.364327846,input
17,partial,load,pearson,0.730987985,36,-0.002002271,0.186421474,0.000999001,4.21389E-05,TRUE,greater,3.931898184,input
18,unstructured,load,pearson,0.57345391,36,0.009392245,0.189677488,0.004995005,0.001470715,FALSE,greater,2.973793416,input
19,partial,load,pearson,0.730987985,36,-0.002923952,0.198006097,0.000999001,0.000105067,TRUE,greater,3.706511808,input
20,unstructured,load,pearson,0.542456402,36,0.006354489,0.20373919,0.012987013,0.004252763,FALSE,greater,2.631314633,input
21,structured,no load,pearson,0.83854816,36,0.003288424,0.196017476,0.000999001,1.01689E-05,TRUE,greater,4.261149318,input
22,partial,no load,pearson,0.792118034,36,0.000363054,0.192628142,0.000999001,1.97593E-05,TRUE,greater,4.110276777,input
23,partial,load,pearson,0.736715639,36,-0.005435324,0.196311171,0.000999001,7.82623E-05,TRUE,greater,3.780482579,input
24,unstructured,load,pearson,0.584569039,36,-0.00527611,0.198509098,0.003996004,0.001482343,FALSE,greater,2.971375901,input
25,unstructured,load,pearson,0.537475125,36,0.007815179,0.1919399,0.005994006,0.002894412,FALSE,greater,2.759509334,input
26,partial,load,pearson,0.792118034,36,-0.000924138,0.193611552,0.000999001,2.10132E-05,TRUE,greater,4.096047798,input
27,structured,no load,pearson,0.754731908,36,0.00469611,0.177516565,0.000999001,1.19386E-05,TRUE,greater,4.225159477,input
28,unstructured,no load,pearson,0.425897177,36,-0.005836369,0.182310979,0.00999001,0.008939465,FALSE,greater,2.368115996,input
29,partial,load,pearson,0.766406316,36,-0.006688637,0.181137761,0.000999001,9.86191E-06,TRUE,greater,4.267994411,input
30,unstructured,load,pearson,0.626511077,36,-0.004144612,0.192013645,0.000999001,0.000510941,TRUE,greater,3.284431628,input
31,partial,load,pearson,0.680413817,36,-0.005987642,0.181236121,0.000999001,7.61366E-05,TRUE,greater,3.787332534,input
32,structured,load,pearson,0.904534034,36,0.004556171,0.185089623,0.000999001,5.79885E-07,TRUE,greater,4.862389635,input
33,partial,no load,pearson,0.640126265,36,-0.011892872,0.173600916,0.000999001,8.63768E-05,TRUE,greater,3.755850786,input
34,partial,no load,pearson,0.683836859,36,0.006030198,0.187066297,0.000999001,0.000145406,TRUE,greater,3.623349964,input
35,partial,no load,pearson,0.696397832,36,0.005539528,0.179334305,0.000999001,5.84951E-05,TRUE,greater,3.852348842,input
36,partial,load,pearson,0.720669092,36,-0.015053977,0.191689126,0.000999001,6.19936E-05,TRUE,greater,3.838105387,input
37,structured,no load,pearson,0.904534034,36,0.00770529,0.190867708,0.001998002,1.30916E-06,FALSE,greater,4.698692887,input
38,partial,no load,pearson,0.741164642,36,-0.01069855,0.197105717,0.000999001,6.82247E-05,TRUE,greater,3.814517421,input
39,unstructured,no load,pearson,0.57345391,36,-0.003409726,0.184113666,0.001998002,0.000864579,FALSE,greater,3.133192924,input
40,structured,load,pearson,0.904534034,36,0.000938035,0.190714951,0.000999001,1.07951E-06,TRUE,greater,4.737940013,input
41,partial,load,pearson,0.680413817,36,-1.14638E-18,0.182944401,0.000999001,9.99122E-05,TRUE,greater,3.719238271,input
42,structured,no load,pearson,0.83854816,36,0.006543964,0.190308271,0.000999001,6.15917E-06,TRUE,greater,4.371876174,input
43,partial,no load,pearson,0.642634072,36,-0.000362512,0.182272944,0.000999001,0.000209627,TRUE,greater,3.527657865,input
44,structured,load,pearson,0.754731908,36,-0.006876446,0.179439953,0.000999001,1.09607E-05,TRUE,greater,4.244363328,input
45,unstructured,load,pearson,0.511458893,36,-0.007625387,0.186479517,0.006993007,0.002687969,FALSE,greater,2.783599445,input
46,structured,no load,pearson,0.83854816,36,-0.002367665,0.194912165,0.000999001,8.0043E-06,TRUE,greater,4.314332181,input
48,structured,load,pearson,0.904534034,36,-0.007571285,0.19246738,0.000999001,1.07381E-06,TRUE,greater,4.739012492,input
49,partial,no load,pearson,0.741164642,36,0.000322245,0.195602604,0.000999001,7.60892E-05,TRUE,greater,3.787487387,input
50,partial,no load,pearson,0.765366751,36,-0.006937154,0.194641413,0.000999001,3.62651E-05,TRUE,greater,3.967829321,input
51,partial,load,pearson,0.647894622,36,-0.01087781,0.185594149,0.000999001,0.000192958,TRUE,greater,3.549532327,input
52,structured,no load,pearson,0.762492852,36,0.004371626,0.186015502,0.000999001,2.29498E-05,TRUE,greater,4.075580902,input
53,structured,no load,pearson,0.83854816,36,-0.012726201,0.18992632,0.000999001,3.69509E-06,TRUE,greater,4.482129494,input
54,partial,load,pearson,0.720669092,36,0.006470007,0.188627357,0.000999001,7.64546E-05,TRUE,greater,3.786296402,input
55,partial,load,pearson,0.730987985,36,0.009629972,0.185230291,0.000999001,4.92242E-05,TRUE,greater,3.894384706,input
56,partial,load,pearson,0.686529655,36,-0.000478974,0.186514217,0.000999001,0.000115067,TRUE,greater,3.683411585,input
57,partial,no load,pearson,0.615470371,36,0.004437865,0.184830792,0.002997003,0.000473356,FALSE,greater,3.305902115,input
58,structured,no load,pearson,0.904534034,36,0.000134005,0.192242694,0.000999001,1.27263E-06,TRUE,greater,4.704470209,input
59,unstructured,load,pearson,0.617783117,36,0.002504526,0.194494326,0.001998002,0.00077948,FALSE,greater,3.163478364,input
60,partial,load,pearson,0.765366751,36,-0.000944495,0.189047359,0.000999001,2.52241E-05,TRUE,greater,4.053541126,input
61,unstructured,load,pearson,0.617783117,36,0.007380004,0.194852081,0.002997003,0.000866183,FALSE,greater,3.13264868,input
62,partial,no load,pearson,0.716305859,36,0.011990337,0.189859152,0.001998002,0.000103763,FALSE,greater,3.709673803,input
63,structured,load,pearson,0.754731908,36,-0.004595479,0.18186292,0.000999001,1.48814E-05,TRUE,greater,4.175273261,input
64,unstructured,no load,pearson,0.550995753,36,-0.007713941,0.189341847,0.005994006,0.001584767,FALSE,greater,2.950798801,input
65,unstructured,no load,pearson,0.584389435,36,0.002370951,0.196687513,0.003996004,0.001542683,FALSE,greater,2.959102356,input
66,structured,load,pearson,0.83854816,36,-0.003124003,0.193575167,0.000999001,6.86804E-06,TRUE,greater,4.348037898,input
68,partial,load,pearson,0.839417847,36,-0.006211692,0.194130917,0.000999001,6.62378E-06,TRUE,greater,4.355975601,input
69,structured,no load,pearson,0.83854816,36,0.000394611,0.191440938,0.000999001,5.98506E-06,TRUE,greater,4.378131238,input
70,unstructured,no load,pearson,0.604451419,36,0.005703542,0.195480804,0.001998002,0.001095834,FALSE,greater,3.062949745,input
72,structured,no load,pearson,0.816496581,36,-0.000544331,0.184532584,0.000999001,4.76384E-06,TRUE,greater,4.427624081,input
73,structured,no load,pearson,0.904534034,36,0.001742066,0.19134446,0.000999001,1.18999E-06,TRUE,greater,4.718150537,input
75,unstructured,no load,pearson,0.596485009,36,0.005078644,0.179058747,0.001998002,0.000478517,FALSE,greater,3.302862194,input
76,unstructured,no load,pearson,0.504901708,36,-0.000313387,0.180520939,0.001998002,0.002565829,FALSE,greater,2.798650941,input
77,unstructured,no load,pearson,0.542456402,36,0.00173586,0.196042672,0.007992008,0.002906229,FALSE,greater,2.758177781,input
78,partial,load,pearson,0.607701672,36,0.002956387,0.174470133,0.000999001,0.000263953,TRUE,greater,3.466182281,input
79,unstructured,load,pearson,0.57345391,36,1.13679E-19,0.192820188,0.006993007,0.00146956,FALSE,greater,2.974034596,input
80,partial,no load,pearson,0.683836859,36,-0.004103021,0.188964975,0.000999001,0.000136019,TRUE,greater,3.640568204,input
81,partial,load,pearson,0.706322414,36,0.005525011,0.1843321,0.000999001,7.18186E-05,TRUE,greater,3.801819659,input
82,unstructured,no load,pearson,0.57345391,36,-0.00086793,0.190741958,0.002997003,0.001301994,FALSE,greater,3.010988498,input
83,partial,load,pearson,0.710417052,36,-0.012981257,0.187826124,0.001998002,5.87161E-05,FALSE,greater,3.851425415,input
84,partial,no load,pearson,0.765366751,36,-0.000293119,0.203128065,0.000999001,8.18381E-05,TRUE,greater,3.769345567,input
85,unstructured,no load,pearson,0.433738438,36,0.012883638,0.179974414,0.00999001,0.009682875,FALSE,greater,2.33841461,input
86,partial,no load,pearson,0.741164642,36,-0.000322245,0.194103585,0.002997003,6.67102E-05,FALSE,greater,3.820057665,input
87,unstructured,no load,pearson,0.474772301,36,0.008251215,0.177126048,0.004995005,0.004221304,FALSE,greater,2.633836701,input
88,structured,load,pearson,0.83854816,36,-0.009635083,0.1910229,0.000999001,4.4934E-06,TRUE,greater,4.440217594,input
89,structured,no load,pearson,0.904534034,36,0.009916373,0.197205605,0.000999001,2.86016E-06,TRUE,greater,4.536471779,input
90,partial,no load,pearson,0.765366751,36,-0.004429357,0.191553534,0.001998002,2.92601E-05,FALSE,greater,4.018699584,input
91,structured,load,pearson,0.904534034,36,-0.002144081,0.193651536,0.000999001,1.42039E-06,TRUE,greater,4.682008386,input
92,structured,load,pearson,0.754731908,36,-0.005266352,0.17358025,0.001998002,5.97856E-06,FALSE,greater,4.378368281,input
93,unstructured,load,pearson,0.542456402,36,-0.012739976,0.184064499,0.005994006,0.00127934,FALSE,greater,3.01631428,input
94,structured,load,pearson,0.904534034,36,-0.000938035,0.190219483,0.000999001,9.67276E-07,TRUE,greater,4.760143677,input
95,partial,load,pearson,0.765366751,36,-0.007686236,0.183226494,0.000999001,1.22634E-05,TRUE,greater,4.219111396,input
96,structured,load,pearson,0.904534034,36,0.00663325,0.189110567,0.000999001,1.02709E-06,TRUE,greater,4.748020156,input
97,unstructured,load,pearson,0.617783117,36,-0.003973848,0.193923764,0.004995005,0.000672519,FALSE,greater,3.206192754,input
98,unstructured,no load,pearson,0.651176799,36,0.002504526,0.19534189,0.001998002,0.000448956,FALSE,greater,3.320702351,input
99,partial,load,pearson,0.596231566,36,3.22287E-05,0.175579106,0.000999001,0.000342371,TRUE,greater,3.395616654,input
100,unstructured,no load,pearson,0.460145578,36,0.011895615,0.186541512,0.017982018,0.008131701,FALSE,greater,2.402950189,input
101,structured,load,pearson,0.904534034,36,-0.005226197,0.191797102,0.000999001,1.05108E-06,TRUE,greater,4.743347108,input
102,unstructured,no load,pearson,0.460145578,36,-0.003374401,0.180347859,0.000999001,0.005082812,TRUE,greater,2.570144063,input
103,partial,no load,pearson,0.623302292,36,-9.69087E-19,0.186019315,0.000999001,0.00040298,TRUE,greater,3.350739636,input
104,unstructured,no load,pearson,0.542456402,36,-0.008679302,0.184634545,0.004995005,0.001417852,FALSE,greater,2.985008605,input
105,partial,load,pearson,0.651176799,36,0.005843894,0.180048767,0.001998002,0.000169049,FALSE,greater,3.584211751,input
106,unstructured,no load,pearson,0.52461324,36,0.001888608,0.191414937,0.011988012,0.003158603,FALSE,greater,2.73084557,input
107,unstructured,load,pearson,0.57345391,36,0.003347731,0.193065288,0.004995005,0.001573922,FALSE,greater,2.952919122,input
108,unstructured,load,pearson,0.539722516,36,0.001845503,0.180080939,0.000999001,0.001409282,TRUE,greater,2.986862555,input
109,unstructured,load,pearson,0.584569039,36,-0.002008519,0.192435508,0.006993007,0.00115117,FALSE,greater,3.048177364,input
110,structured,load,pearson,0.83854816,36,-0.004735331,0.197199164,0.000999001,9.5011E-06,TRUE,greater,4.276303575,input
111,structured,no load,pearson,0.816496581,36,0.001020621,0.181555711,0.000999001,3.53447E-06,TRUE,greater,4.491601799,input
113,structured,load,pearson,0.904534034,36,-0.005159194,0.188370947,0.000999001,6.8519E-07,TRUE,greater,4.829265026,input
114,structured,no load,pearson,0.904534034,36,0.00743728,0.196126889,0.000999001,2.39178E-06,TRUE,greater,4.574063048,input
115,unstructured,no load,pearson,0.57345391,36,0.009795213,0.189383037,0.003996004,0.001458798,FALSE,greater,2.976289256,input
116,partial,no load,pearson,0.680785158,36,-0.004649264,0.185886743,0.001998002,0.000113289,FALSE,greater,3.687376582,input
117,partial,no load,pearson,0.642634072,36,-0.004119449,0.18399597,0.000999001,0.000219842,TRUE,greater,3.515041772,input
118,partial,no load,pearson,0.623302292,36,0.001342497,0.177725522,0.000999001,0.00023302,TRUE,greater,3.49955249,input
119,unstructured,no load,pearson,0.497995984,36,-0.001670696,0.185649506,0.005994006,0.00355709,FALSE,greater,2.69145171,input
120,structured,no load,pearson,0.904534034,36,0.011323426,0.189172816,0.001998002,1.16961E-06,FALSE,greater,4.721664705,input
121,structured,load,pearson,0.754731908,36,0.005333439,0.184688232,0.001998002,2.47855E-05,FALSE,greater,4.057640611,input
122,partial,no load,pearson,0.683836859,36,0.011003557,0.190331971,0.001998002,0.000203848,FALSE,greater,3.535051415,input
124,partial,no load,pearson,0.686529655,36,0.005875417,0.195199888,0.000999001,0.000244272,TRUE,greater,3.486960193,input
125,unstructured,no load,pearson,0.56225353,36,0.006682785,0.190856877,0.00999001,0.001801782,FALSE,greater,2.910928624,input
126,partial,no load,pearson,0.651176799,36,-0.003105612,0.181659617,0.002997003,0.000158075,FALSE,greater,3.601694335,input
127,structured,no load,pearson,0.754731908,36,-0.001710726,0.189767507,0.000999001,3.35764E-05,TRUE,greater,3.986154664,input
128,partial,load,pearson,0.630427829,36,-0.001390174,0.18041352,0.001998002,0.000230842,FALSE,greater,3.502054631,input
129,unstructured,load,pearson,0.484208389,36,-0.01178797,0.178910668,0.005994006,0.002782975,FALSE,greater,2.772312933,input
130,unstructured,no load,pearson,0.56225353,36,-0.000353417,0.191141285,0.006993007,0.001623097,FALSE,greater,2.943408838,input
131,unstructured,load,pearson,0.57345391,36,0.001518878,0.189757102,0.003996004,0.001288979,FALSE,greater,3.014037552,input
132,unstructured,no load,pearson,0.56225353,36,0.005461891,0.192190451,0.002997003,0.001883252,FALSE,greater,2.897082743,input
133,structured,no load,pearson,0.83854816,36,-0.004044762,0.186332043,0.000999001,3.06295E-06,TRUE,greater,4.521996913,input
134,structured,no load,pearson,0.816496581,36,-0.006191766,0.190498342,0.000999001,7.85069E-06,TRUE,greater,4.318611584,input
135,structured,load,pearson,0.762492852,36,-0.006438829,0.18823493,0.001998002,2.20424E-05,FALSE,greater,4.084957443,input
136,structured,no load,pearson,0.83854816,36,0.001216717,0.194244079,0.000999001,8.13627E-06,TRUE,greater,4.310717968,input
137,structured,load,pearson,0.762492852,36,-0.004879954,0.194723035,0.001998002,4.0598E-05,FALSE,greater,3.94084247,input
138,partial,no load,pearson,0.736715639,36,0.001669889,0.202115593,0.001998002,0.000138045,FALSE,greater,3.636759239,input
139,partial,no load,pearson,0.626938567,36,5.14456E-19,0.185317829,0.000999001,0.000358434,TRUE,greater,3.383045074,input
141,structured,load,pearson,0.83854816,36,-0.00325554,0.195924126,0.000999001,8.67267E-06,TRUE,greater,4.296580105,input
142,partial,load,pearson,0.619860287,36,-0.005025894,0.186675242,0.000999001,0.000407792,TRUE,greater,3.347450768,input
143,structured,no load,pearson,0.816496581,36,0.007688676,0.18345325,0.000999001,5.19735E-06,TRUE,greater,4.408795729,input
144,partial,no load,pearson,0.741164642,36,0.000483368,0.192633036,0.000999001,6.0267E-05,TRUE,greater,3.845037638,input
145,unstructured,load,pearson,0.57345391,36,0.004742619,0.197279348,0.006993007,0.001970966,FALSE,greater,2.882771551,input
146,structured,no load,pearson,0.754731908,36,-0.000268349,0.177076759,0.000999001,1.0054E-05,TRUE,greater,4.26368915,input
147,structured,load,pearson,0.83854816,36,0.002236128,0.18820054,0.000999001,4.42067E-06,TRUE,greater,4.443728121,input
148,structured,no load,pearson,0.904534034,36,-0.003886146,0.1835446,0.000999001,3.72374E-07,TRUE,greater,4.949315754,input
149,partial,no load,pearson,0.619860287,36,0.001172709,0.179472725,0.001998002,0.000283161,FALSE,greater,3.447251259,input
150,partial,load,pearson,0.710742316,36,-0.005956698,0.181396359,0.000999001,3.89109E-05,TRUE,greater,3.951011029,input
152,unstructured,no load,pearson,0.511458893,36,0.006540474,0.181593022,0.001998002,0.002713808,FALSE,greater,2.780494605,input
153,unstructured,no load,pearson,0.57345391,36,0.002169826,0.197431666,0.005994006,0.001904393,FALSE,greater,2.89357881,input
154,unstructured,load,pearson,0.517602071,36,0.00063448,0.192820626,0.007992008,0.003669245,FALSE,greater,2.681080354,input
155,partial,load,pearson,0.741164642,36,-0.000676716,0.181548375,0.000999001,2.19256E-05,TRUE,greater,4.086191123,input
156,structured,load,pearson,0.904534034,36,-0.001206045,0.193195004,0.000999001,1.37798E-06,TRUE,greater,4.688216872,input
157,partial,load,pearson,0.720669092,36,-0.00614971,0.184632377,0.000999001,4.13268E-05,TRUE,greater,3.93657285,input
158,unstructured,load,pearson,0.470080901,36,-0.002263352,0.187647699,0.007992008,0.00591481,FALSE,greater,2.517186488,input
159,unstructured,load,pearson,0.56225353,36,-0.007004073,0.187381248,0.004995005,0.00119091,FALSE,greater,3.037964624,input
160,structured,load,pearson,0.904534034,36,0.004221159,0.190387461,0.000999001,1.129E-06,TRUE,greater,4.728845422,input
